model,mean_acc,std_acc,mean_loss
random_forest,0.5,0.27386127875258304,0.7539760023508132
logistic_regression,0.3833333333333333,0.2818589087547961,4.558765314951746
svm,0.31666666666666665,0.24381231397212985,1.25566279631895
