{
  "cnn1d": {
    "accuracy": 0.8421052631578947,
    "precision_left": 0.8181818181818182,
    "precision_right": 0.875,
    "recall_left": 0.9,
    "recall_right": 0.7777777777777778,
    "f1_left": 0.8571428571428571,
    "f1_right": 0.8235294117647058,
    "support_left": 10,
    "support_right": 9,
    "macro_precision": 0.8465909090909092,
    "macro_recall": 0.8388888888888889,
    "macro_f1": 0.8403361344537814,
    "roc_auc": 0.9666666666666668,
    "model": "cnn1d"
  },
  "bilstm": {
    "accuracy": 0.6842105263157895,
    "precision_left": 0.7,
    "precision_right": 0.6666666666666666,
    "recall_left": 0.7,
    "recall_right": 0.6666666666666666,
    "f1_left": 0.7,
    "f1_right": 0.6666666666666666,
    "support_left": 10,
    "support_right": 9,
    "macro_precision": 0.6833333333333333,
    "macro_recall": 0.6833333333333333,
    "macro_f1": 0.6833333333333333,
    "roc_auc": 0.8999999999999999,
    "model": "bilstm"
  },
  "transformer": {
    "accuracy": 0.5789473684210527,
    "precision_left": 0.625,
    "precision_right": 0.5454545454545454,
    "recall_left": 0.5,
    "recall_right": 0.6666666666666666,
    "f1_left": 0.5555555555555556,
    "f1_right": 0.6,
    "support_left": 10,
    "support_right": 9,
    "macro_precision": 0.5852272727272727,
    "macro_recall": 0.5833333333333333,
    "macro_f1": 0.5777777777777777,
    "roc_auc": 0.8333333333333333,
    "model": "transformer"
  }
}